title	upc	sku	price	condition	quantity
Anemone Pouch Black	846909002441	MOMX2302B	25.19	new	11
Pro-Balance Knife Block- Silver	4895116623214	MOPB00-02-764-SV	72.53	damaged	51
5.11 Professional Pocket Tee Shirt Fire Navy XL	844802126595	MO71307-720-XL	22	new	12
Anemone Pouch OD White	846909002421	MOMX2302W	25.19	damaged	21
5.11 GSA Tactical Pant Black 32 x 36	844802062565	MO74252-019-3236	49.99	used	31
Wind Resistant Glove Black/Gray XXL	781513616062	MOMCW-WR-012	25.32	used	23
Anemone Pouch Foliage Green	846909004462	MOMX2302F	25.19	new	51
Gray Dusk Plain	41689283780	MOZI28378	16.37	new	71
Wind Resistant Glove Black/Gray SM	781513616054	MOMCW-WR-013	25.32	new	99
5.11 EVO 6 in. WP Side Zip Boot Black 7.5 W	888579011920	MO12313-019-75W	139.99	damaged	5
5.11 GSA Tactical Pant Black 32 x 34	844802062466	MO74252-019-3234	49.99	used	4
"Wind Resistant Glove Black/Gray     Small"	781513616048	MOMCW-WR-110	25.32	used	6
5.11 GSA Tactical Pant Black 32 x 32	844802062367	MO74252-019-3232	49.99	new	81
Anemone Pouch Blue	846909002422	MOMX2302B	25.19	damaged	9
5.11 GSA Tactical Pant Black 32 x 30	844802062268	MO74252-019-3230	49.99	used	11
5.11 EVO 6 in. WP Side Zip Boot Black 7.5 R	888579011777	MO12313-019-75R	139.99	new	35
5.11 Large Drop Pouch Storm	844802330985	MO58703-092	24.99	new	61
MAA Messer Rosewood Handle Black Blade w/Scabbard	705442015352	MO88GMSSM	224	new	63
MAA Lance Point Spear w/Ash Wood Handle 80 inch	705442011590	MO95MLP	60.5	used	42
